{"cameraMode":{"drawMode":0,"name":"Shaded","section":"Shading Mode"},"sceneLighting":true,"audioPlay":false,"sceneViewState":{"m_AlwaysRefresh":false,"showFog":true,"showSkybox":true,"showFlares":true,"showImageEffects":true,"showParticleSystems":true,"showVisualEffectGraphs":true,"m_FxEnabled":true},"in2DMode":false,"pivot":{"x":0.6006060242652893,"y":5.030284881591797,"z":6.988287925720215},"rotation":{"x":-0.13190880417823792,"y":0.015148710459470749,"z":-0.0020162605214864017,"w":-0.9911448359489441},"size":1.897987961769104,"orthographic":false}